{
  "agent_A": {
    "mean": 0.6995468735694885,
    "std": 0.09231069684028625,
    "min": 0.5863410234451294,
    "max": 0.904107928276062
  },
  "agent_B": {
    "mean": 0.6954055428504944,
    "std": 0.11064020544290543,
    "min": 0.5870285630226135,
    "max": 0.905325174331665
  },
  "sample_count": 1000,
  "correlation": 0.683165885845225
}