{
  "performance": {
    "mean_reward": 11.169999999999998,
    "success_rate": 0.0,
    "avg_steps": 50.0,
    "rewards": [
      -4.999999999999998,
      -4.999999999999998,
      -4.999999999999998,
      97.9,
      -4.999999999999998,
      -4.999999999999998,
      -4.999999999999998,
      -4.999999999999998,
      -4.999999999999998,
      -4.999999999999998,
      100.0,
      -4.999999999999998,
      85.3,
      -4.999999999999998,
      -4.999999999999998,
      -4.999999999999998,
      76.9,
      -4.999999999999998,
      -4.999999999999998,
      -2.900000000000002,
      -4.999999999999998,
      -4.999999999999998,
      -4.999999999999998,
      -4.999999999999998,
      -4.999999999999998,
      -4.999999999999998,
      -4.999999999999998,
      -2.9000000000000017,
      -4.999999999999998,
      97.9,
      100.0,
      -4.999999999999998,
      -4.999999999999998,
      -4.999999999999998,
      -4.999999999999998,
      -4.999999999999998,
      -4.999999999999998,
      -4.999999999999998,
      -4.999999999999998,
      -4.999999999999998,
      66.4,
      -4.999999999999998,
      43.29999999999998,
      -2.9000000000000017,
      43.29999999999998,
      -4.999999999999998,
      -4.999999999999998,
      -4.999999999999998,
      -4.999999999999998,
      41.19999999999998
    ],
    "steps": [
      50,
      50,
      50,
      50,
      50,
      50,
      50,
      50,
      50,
      50,
      50,
      50,
      50,
      50,
      50,
      50,
      50,
      50,
      50,
      50,
      50,
      50,
      50,
      50,
      50,
      50,
      50,
      50,
      50,
      50,
      50,
      50,
      50,
      50,
      50,
      50,
      50,
      50,
      50,
      50,
      50,
      50,
      50,
      50,
      50,
      50,
      50,
      50,
      50,
      50
    ]
  },
  "communication": {
    "agent_A": {
      "mean": 0.6995468735694885,
      "std": 0.09231069684028625,
      "min": 0.5863410234451294,
      "max": 0.904107928276062
    },
    "agent_B": {
      "mean": 0.6954055428504944,
      "std": 0.11064020544290543,
      "min": 0.5870285630226135,
      "max": 0.905325174331665
    },
    "sample_count": 1000,
    "correlation": 0.683165885845225
  },
  "generalization": {
    "mean_reward": 22.254,
    "success_rate": 0.01,
    "per_config": [
      {
        "mean_reward": 14.739999999999998,
        "success_rate": 0.0,
        "avg_steps": 50.0,
        "rewards": [
          -4.999999999999998,
          -4.999999999999998,
          45.39999999999998,
          41.19999999999998,
          -4.999999999999998,
          -4.999999999999998,
          95.8,
          -4.999999999999998,
          -4.999999999999998,
          -4.999999999999998
        ],
        "steps": [
          50,
          50,
          50,
          50,
          50,
          50,
          50,
          50,
          50,
          50
        ]
      },
      {
        "mean_reward": 10.12,
        "success_rate": 0.0,
        "avg_steps": 50.0,
        "rewards": [
          -4.999999999999998,
          -4.999999999999998,
          43.29999999999998,
          -4.999999999999998,
          97.9,
          -4.999999999999998,
          -4.999999999999998,
          -4.999999999999998,
          -4.999999999999998,
          -4.999999999999998
        ],
        "steps": [
          50,
          50,
          50,
          50,
          50,
          50,
          50,
          50,
          50,
          50
        ]
      },
      {
        "mean_reward": 43.510000000000005,
        "success_rate": 0.0,
        "avg_steps": 50.0,
        "rewards": [
          68.5,
          -2.900000000000002,
          -4.999999999999998,
          97.9,
          95.8,
          100.0,
          -4.999999999999998,
          -4.999999999999998,
          -4.999999999999998,
          95.8
        ],
        "steps": [
          50,
          50,
          50,
          50,
          50,
          50,
          50,
          50,
          50,
          50
        ]
      },
      {
        "mean_reward": 0.24999999999999964,
        "success_rate": 0.0,
        "avg_steps": 50.0,
        "rewards": [
          -4.999999999999998,
          -4.999999999999998,
          -4.999999999999998,
          -2.9000000000000012,
          -4.999999999999998,
          -4.999999999999998,
          -4.999999999999998,
          45.399999999999984,
          -4.999999999999998,
          -4.999999999999998
        ],
        "steps": [
          50,
          50,
          50,
          50,
          50,
          50,
          50,
          50,
          50,
          50
        ]
      },
      {
        "mean_reward": 31.54,
        "success_rate": 0.0,
        "avg_steps": 50.0,
        "rewards": [
          66.4,
          -4.999999999999998,
          -4.999999999999998,
          -4.999999999999998,
          97.9,
          -4.999999999999998,
          89.5,
          91.6,
          -4.999999999999998,
          -4.999999999999998
        ],
        "steps": [
          50,
          50,
          50,
          50,
          50,
          50,
          50,
          50,
          50,
          50
        ]
      },
      {
        "mean_reward": 31.54,
        "success_rate": 0.0,
        "avg_steps": 50.0,
        "rewards": [
          -4.999999999999998,
          -4.999999999999998,
          93.7,
          -4.999999999999998,
          -4.999999999999998,
          100.0,
          53.8,
          -4.999999999999998,
          97.9,
          -4.999999999999998
        ],
        "steps": [
          50,
          50,
          50,
          50,
          50,
          50,
          50,
          50,
          50,
          50
        ]
      },
      {
        "mean_reward": 48.760000000000005,
        "success_rate": 0.0,
        "avg_steps": 50.0,
        "rewards": [
          89.5,
          -4.999999999999998,
          93.7,
          -4.999999999999998,
          -4.999999999999998,
          79.0,
          66.4,
          87.4,
          91.6,
          -4.999999999999998
        ],
        "steps": [
          50,
          50,
          50,
          50,
          50,
          50,
          50,
          50,
          50,
          50
        ]
      },
      {
        "mean_reward": 25.659999999999997,
        "success_rate": 0.0,
        "avg_steps": 50.0,
        "rewards": [
          100.0,
          41.19999999999998,
          -4.999999999999998,
          45.39999999999998,
          -4.999999999999998,
          100.0,
          -4.999999999999998,
          -4.999999999999998,
          -4.999999999999998,
          -4.999999999999998
        ],
        "steps": [
          50,
          50,
          50,
          50,
          50,
          50,
          50,
          50,
          50,
          50
        ]
      },
      {
        "mean_reward": -1.0100000000000002,
        "success_rate": 0.0,
        "avg_steps": 50.0,
        "rewards": [
          -4.999999999999998,
          34.899999999999984,
          -4.999999999999998,
          -4.999999999999998,
          -4.999999999999998,
          -4.999999999999998,
          -4.999999999999998,
          -4.999999999999998,
          -4.999999999999998,
          -4.999999999999998
        ],
        "steps": [
          50,
          50,
          50,
          50,
          50,
          50,
          50,
          50,
          50,
          50
        ]
      },
      {
        "mean_reward": 17.43,
        "success_rate": 0.1,
        "avg_steps": 45.8,
        "rewards": [
          -4.999999999999998,
          -4.999999999999998,
          21.9,
          -4.999999999999998,
          89.5,
          -4.999999999999998,
          97.9,
          -4.999999999999998,
          -4.999999999999998,
          -4.999999999999998
        ],