{
  "mean_reward": 11.169999999999998,
  "success_rate": 0.0,
  "avg_steps": 50.0,
  "rewards": [
    -4.999999999999998,
    -4.999999999999998,
    -4.999999999999998,
    97.9,
    -4.999999999999998,
    -4.999999999999998,
    -4.999999999999998,
    -4.999999999999998,
    -4.999999999999998,
    -4.999999999999998,
    100.0,
    -4.999999999999998,
    85.3,
    -4.999999999999998,
    -4.999999999999998,
    -4.999999999999998,
    76.9,
    -4.999999999999998,
    -4.999999999999998,
    -2.900000000000002,
    -4.999999999999998,
    -4.999999999999998,
    -4.999999999999998,
    -4.999999999999998,
    -4.999999999999998,
    -4.999999999999998,
    -4.999999999999998,
    -2.9000000000000017,
    -4.999999999999998,
    97.9,
    100.0,
    -4.999999999999998,
    -4.999999999999998,
    -4.999999999999998,
    -4.999999999999998,
    -4.999999999999998,
    -4.999999999999998,
    -4.999999999999998,
    -4.999999999999998,
    -4.999999999999998,
    66.4,
    -4.999999999999998,
    43.29999999999998,
    -2.9000000000000017,
    43.29999999999998,
    -4.999999999999998,
    -4.999999999999998,
    -4.999999999999998,
    -4.999999999999998,
    41.19999999999998
  ],
  "steps": [
    50,
    50,
    50,
    50,
    50,
    50,
    50,
    50,
    50,
    50,
    50,
    50,
    50,
    50,
    50,
    50,
    50,
    50,
    50,
    50,
    50,
    50,
    50,
    50,
    50,
    50,
    50,
    50,
    50,
    50,
    50,
    50,
    50,
    50,
    50,
    50,
    50,
    50,
    50,
    50,
    50,
    50,
    50,
    50,
    50,
    50,
    50,
    50,
    50,
    50
  ]
}