{
  "agent_A": {
    "mean": 0.6310063600540161,
    "std": 0.07371844351291656,
    "min": 0.5950692296028137,
    "max": 0.887255072593689
  },
  "agent_B": {
    "mean": 0.65743088722229,
    "std": 0.13032515347003937,
    "min": 0.5781143307685852,
    "max": 0.9531318545341492
  },
  "sample_count": 1000,
  "correlation": -0.19506434849794316
}