{
  "mean_reward": 10.665999999999999,
  "success_rate": 0.0,
  "avg_steps": 50.0,
  "rewards": [
    -4.999999999999998,
    93.7,
    47.49999999999998,
    -4.999999999999998,
    41.19999999999998,
    -4.999999999999998,
    -4.999999999999998,
    -4.999999999999998,
    -4.999999999999998,
    -4.999999999999998,
    85.3,
    -4.999999999999998,
    -4.999999999999998,
    -4.999999999999998,
    -4.999999999999998,
    100.0,
    -4.999999999999998,
    -4.999999999999998,
    85.3,
    -4.999999999999998,
    -4.999999999999998,
    -4.999999999999998,
    -4.999999999999998,
    -4.999999999999998,
    -4.999999999999998,
    -4.999999999999998,
    -4.999999999999998,
    -4.999999999999998,
    -4.999999999999998,
    -4.999999999999998,
    -4.999999999999998,
    -4.999999999999998,
    -4.999999999999998,
    -4.999999999999998,
    -4.999999999999998,
    -4.999999999999998,
    -4.999999999999998,
    -4.999999999999998,
    -4.999999999999998,
    97.9,
    -4.999999999999998,
    -4.999999999999998,
    -4.999999999999998,
    89.5,
    -4.999999999999998,
    -4.999999999999998,
    97.9,
    -4.999999999999998,
    -4.999999999999998,
    -4.999999999999998
  ],
  "steps": [
    50,
    50,
    50,
    50,
    50,
    50,
    50,
    50,
    50,
    50,
    50,
    50,
    50,
    50,
    50,
    50,
    50,
    50,
    50,
    50,
    50,
    50,
    50,
    50,
    50,
    50,
    50,
    50,
    50,
    50,
    50,
    50,
    50,
    50,
    50,
    50,
    50,
    50,
    50,
    50,
    50,
    50,
    50,
    50,
    50,
    50,
    50,
    50,
    50,
    50
  ]
}