{
  "agent_A": {
    "mean": 0.650519609451294,
    "std": 0.09415561705827713,
    "min": 0.5558873414993286,
    "max": 0.9099380373954773
  },
  "agent_B": {
    "mean": 0.7058202624320984,
    "std": 0.14251819252967834,
    "min": 0.5622221231460571,
    "max": 0.9509309530258179
  },
  "sample_count": 927,
  "correlation": 0.24311880003969502
}