{
  "performance": {
    "mean_reward": 23.148000000000003,
    "success_rate": 0.04,
    "avg_steps": 48.5,
    "rewards": [
      72.7,
      17.6,
      -4.999999999999998,
      -4.999999999999998,
      93.7,
      21.1,
      97.9,
      -4.999999999999998,
      66.4,
      -4.999999999999998,
      100.0,
      -4.999999999999998,
      -4.999999999999998,
      -4.999999999999998,
      -4.999999999999998,
      47.49999999999998,
      -4.999999999999998,
      97.9,
      91.6,
      89.5,
      47.49999999999998,
      -4.999999999999998,
      -4.999999999999998,
      -4.999999999999998,
      -4.999999999999998,
      -4.999999999999998,
      97.9,
      -4.999999999999998,
      100.0,
      -4.999999999999998,
      -4.999999999999998,
      -4.999999999999998,
      47.49999999999998,
      -4.999999999999998,
      -4.999999999999998,
      47.49999999999998,
      -4.999999999999998,
      -4.999999999999998,
      -4.999999999999998,
      -4.999999999999998,
      -4.999999999999998,
      87.4,
      -4.999999999999998,
      93.7,
      -4.999999999999998,
      -4.999999999999998,
      -4.999999999999998,
      -4.999999999999998,
      -4.999999999999998,
      -4.999999999999998
    ],
    "steps": [
      50,
      9,
      50,
      50,
      50,
      16,
      50,
      50,
      50,
      50,
      50,
      50,
      50,
      50,
      50,
      50,
      50,
      50,
      50,
      50,
      50,
      50,
      50,
      50,
      50,
      50,
      50,
      50,
      50,
      50,
      50,
      50,
      50,
      50,
      50,
      50,
      50,
      50,
      50,
      50,
      50,
      50,
      50,
      50,
      50,
      50,
      50,
      50,
      50,
      50
    ]
  },
  "communication": {
    "agent_A": {
      "mean": 0.650519609451294,
      "std": 0.09415561705827713,
      "min": 0.5558873414993286,
      "max": 0.9099380373954773
    },
    "agent_B": {
      "mean": 0.7058202624320984,
      "std": 0.14251819252967834,
      "min": 0.5622221231460571,
      "max": 0.9509309530258179
    },
    "sample_count": 927,
    "correlation": 0.24311880003969502
  },
  "generalization": {
    "mean_reward": 16.656,
    "success_rate": 0.04,
    "per_config": [
      {
        "mean_reward": 12.779999999999996,
        "success_rate": 0.1,
        "avg_steps": 46.1,
        "rewards": [
          83.2,
          -4.999999999999998,
          -4.999999999999998,
          -2.900000000000002,
          47.49999999999998,
          -4.999999999999998,
          -4.999999999999998,
          30.0,
          -4.999999999999998,
          -4.999999999999998
        ],
        "steps": [
          50,
          50,
          50,
          50,
          50,
          50,
          50,
          11,
          50,
          50
        ]
      },
      {
        "mean_reward": 5.5,
        "success_rate": 0.0,
        "avg_steps": 50.0,
        "rewards": [
          -4.999999999999998,
          -4.999999999999998,
          -4.999999999999998,
          100.0,
          -4.999999999999998,
          -4.999999999999998,
          -4.999999999999998,
          -4.999999999999998,
          -4.999999999999998,
          -4.999999999999998
        ],
        "steps": [
          50,
          50,
          50,
          50,
          50,
          50,
          50,
          50,
          50,
          50
        ]
      },
      {
        "mean_reward": 18.1,
        "success_rate": 0.0,
        "avg_steps": 50.0,
        "rewards": [
          85.3,
          -4.999999999999998,
          83.2,
          -4.999999999999998,
          47.49999999999998,
          -4.999999999999998,
          -4.999999999999998,
          -4.999999999999998,
          -4.999999999999998,
          -4.999999999999998
        ],
        "steps": [
          50,
          50,
          50,
          50,
          50,
          50,
          50,
          50,
          50,
          50
        ]
      },
      {
        "mean_reward": 33.19,
        "success_rate": 0.1,
        "avg_steps": 45.7,
        "rewards": [
          68.5,
          -4.999999999999998,
          45.399999999999984,
          -4.999999999999998,
          41.19999999999998,
          -4.999999999999998,
          93.7,
          -4.999999999999998,
          15.7,
          87.4
        ],
        "steps": [
          50,
          50,
          50,
          50,
          50,
          50,
          50,
          50,
          7,
          50
        ]
      },
      {
        "mean_reward": 19.78,
        "success_rate": 0.0,
        "avg_steps": 50.0,
        "rewards": [
          -4.999999999999998,
          49.59999999999998,
          97.9,
          -4.999999999999998,
          -4.999999999999998,
          -4.999999999999998,
          -4.999999999999998,
          -4.999999999999998,
          85.3,
          -4.999999999999998
        ],
        "steps": [
          50,
          50,
          50,
          50,
          50,
          50,
          50,
          50,
          50,
          50
        ]
      },
      {
        "mean_reward": 5.709999999999999,
        "success_rate": 0.0,
        "avg_steps": 50.0,
        "rewards": [
          -4.999999999999998,
          -4.999999999999998,
          -4.999999999999998,
          -4.999999999999998,
          36.999999999999986,
          7.600000000000014,
          -4.999999999999998,
          -4.999999999999998,
          -4.999999999999998,
          47.49999999999998
        ],
        "steps": [
          50,
          50,
          50,
          50,
          50,
          50,
          50,
          50,
          50,
          50
        ]
      },
      {
        "mean_reward": 15.16,
        "success_rate": 0.0,
        "avg_steps": 50.0,
        "rewards": [
          -4.999999999999998,
          -4.999999999999998,
          -4.999999999999998,
          -4.999999999999998,
          -4.999999999999998,
          -4.999999999999998,
          91.6,
          -4.999999999999998,
          100.0,
          -4.999999999999998
        ],
        "steps": [
          50,
          50,
          50,
          50,
          50,
          50,
          50,
          50,
          50,
          50
        ]
      },
      {
        "mean_reward": 22.9,
        "success_rate": 0.1,
        "avg_steps": 45.7,
        "rewards": [
          22.0,
          -4.999999999999998,
          -4.999999999999998,
          97.9,
          -4.999999999999998,
          -4.999999999999998,
          95.8,
          -4.999999999999998,
          -4.999999999999998,
          43.29999999999998
        ],
        "steps": [
          7,
          50,
          50,
          50,
          50,
          50,
          50,
          50,
          50,
          50
        ]
      },
      {
        "mean_reward": 32.769999999999996,
        "success_rate": 0.1,
        "avg_steps": 47.8,
        "rewards": [
          97.9,
          -4.999999999999998,
          -4.999999999999998,
          89.5,
          -4.999999999999998,
          -4.999999999999998,
          32.5,
          -4.999999999999998,
          47.49999999999998,
          85.3
        ],
        "steps": [
          50,
          50,
          50,
          50,
          50,
          50,
          28,
          50,
          50,
          50
        ]
      },
      {
        "mean_reward": 0.6699999999999985,
        "success_rate": 0.0,
        "avg_steps": 50.0,
        "rewards": [
          -4.999999999999998,
          -4.999999999999998,
          -4.999999999999998,
          51.699999999999974,
          -4.999999999999998,
          -4.999999999999998,
          -4.999999999999998,
          -4.999999999999998,
          -4.999999999999998,
          -4.999999999999998
        ],