{
  "mean_reward": 23.148000000000003,
  "success_rate": 0.04,
  "avg_steps": 48.5,
  "rewards": [
    72.7,
    17.6,
    -4.999999999999998,
    -4.999999999999998,
    93.7,
    21.1,
    97.9,
    -4.999999999999998,
    66.4,
    -4.999999999999998,
    100.0,
    -4.999999999999998,
    -4.999999999999998,
    -4.999999999999998,
    -4.999999999999998,
    47.49999999999998,
    -4.999999999999998,
    97.9,
    91.6,
    89.5,
    47.49999999999998,
    -4.999999999999998,
    -4.999999999999998,
    -4.999999999999998,
    -4.999999999999998,
    -4.999999999999998,
    97.9,
    -4.999999999999998,
    100.0,
    -4.999999999999998,
    -4.999999999999998,
    -4.999999999999998,
    47.49999999999998,
    -4.999999999999998,
    -4.999999999999998,
    47.49999999999998,
    -4.999999999999998,
    -4.999999999999998,
    -4.999999999999998,
    -4.999999999999998,
    -4.999999999999998,
    87.4,
    -4.999999999999998,
    93.7,
    -4.999999999999998,
    -4.999999999999998,
    -4.999999999999998,
    -4.999999999999998,
    -4.999999999999998,
    -4.999999999999998
  ],
  "steps": [
    50,
    9,
    50,
    50,
    50,
    16,
    50,
    50,
    50,
    50,
    50,
    50,
    50,
    50,
    50,
    50,
    50,
    50,
    50,
    50,
    50,
    50,
    50,
    50,
    50,
    50,
    50,
    50,
    50,
    50,
    50,
    50,
    50,
    50,
    50,
    50,
    50,
    50,
    50,
    50,
    50,
    50,
    50,
    50,
    50,
    50,
    50,
    50,
    50,
    50
  ]
}